,Location,types
0,Odisha,News
1,Delhi,Fashion
2,Odisha,Fashion
3,Delhi,Sports
4,Delhi,News
5,Delhi,Funny
6,West-Bengal,Motivational
7,Rajastrhan,Motivational
8,Assam,Sports
9,Rajastrhan,Funny
10,Delhi,Food
11,West-Bengal,Fashion
12,West-Bengal,Motivational
13,Rajastrhan,Motivational
14,Assam,Travel
15,Odisha,Fashion
16,Delhi,Funny
17,Maharastra,Dance
18,Maharastra,Motivational
19,Rajastrhan,Travel
20,Rajastrhan,Music
21,Maharastra,News
22,West-Bengal,Travel
23,Assam,Travel
24,Assam,Funny
25,Rajastrhan,Fashion
26,Delhi,Dance
27,Delhi,Funny
28,Assam,Food
29,Rajastrhan,Food
30,West-Bengal,Sports
31,West-Bengal,News
32,Maharastra,Motivational
33,Rajastrhan,Travel
34,Assam,Food
35,Assam,Funny
36,Delhi,Music
37,Rajastrhan,Sports
38,West-Bengal,Dance
39,Rajastrhan,Motivational
40,Rajastrhan,Food
41,Delhi,Funny
42,Delhi,Motivational
43,Maharastra,Sports
44,Assam,Food
45,Odisha,Motivational
46,Odisha,Motivational
47,Delhi,Funny
48,Assam,Funny
49,Odisha,News
50,West-Bengal,News
51,Odisha,Music
52,West-Bengal,Food
53,Delhi,Fashion
54,Assam,Dance
55,Rajastrhan,Funny
56,Assam,Motivational
57,Assam,Motivational
58,Odisha,News
59,Maharastra,Motivational
60,Odisha,Travel
61,West-Bengal,Funny
62,Maharastra,Motivational
63,Assam,Sports
64,Assam,Music
65,Odisha,Travel
66,West-Bengal,Travel
67,Odisha,Food
68,West-Bengal,Motivational
69,Odisha,Dance
70,Maharastra,Dance
71,Maharastra,Funny
72,Rajastrhan,Sports
73,Delhi,News
74,West-Bengal,News
75,Maharastra,Funny
76,West-Bengal,Food
77,Maharastra,Travel
78,West-Bengal,Funny
79,West-Bengal,Fashion
80,Maharastra,Dance
81,Maharastra,Funny
82,West-Bengal,Motivational
83,West-Bengal,Music
84,West-Bengal,Funny
85,Delhi,Funny
86,Maharastra,Funny
87,Assam,Funny
88,Delhi,Dance
89,Maharastra,Fashion
90,Rajastrhan,News
91,Delhi,Sports
92,Delhi,Dance
93,Delhi,Funny
94,Maharastra,News
95,West-Bengal,Fashion
96,Rajastrhan,News
97,Delhi,Sports
98,Rajastrhan,Funny
99,Rajastrhan,Music
100,Rajastrhan,Funny
101,Rajastrhan,Food
102,Odisha,Funny
103,West-Bengal,Music
104,Rajastrhan,Fashion
105,Maharastra,Funny
106,West-Bengal,Funny
107,Delhi,Music
108,Rajastrhan,Motivational
109,West-Bengal,Fashion
110,Assam,Food
111,West-Bengal,Sports
112,Delhi,Motivational
113,Odisha,Funny
114,Delhi,Music
115,Assam,News
116,West-Bengal,Music
117,Delhi,Fashion
118,West-Bengal,News
119,Maharastra,Dance
120,Delhi,Travel
121,Odisha,Music
122,West-Bengal,Food
123,Odisha,Sports
124,Odisha,Motivational
125,Delhi,Funny
126,Delhi,News
127,Delhi,Food
128,West-Bengal,Travel
129,Assam,Dance
130,Assam,Dance
131,Delhi,News
132,Rajastrhan,Food
133,Delhi,Dance
134,Assam,Travel
135,Maharastra,Food
136,Rajastrhan,Travel
137,West-Bengal,Sports
138,Assam,Fashion
139,Delhi,Travel
140,Rajastrhan,Dance
141,Maharastra,Motivational
142,Rajastrhan,Travel
143,Assam,Funny
144,Odisha,Dance
145,Rajastrhan,Fashion
146,Delhi,Music
147,Delhi,Funny
148,West-Bengal,Food
149,Maharastra,Funny
150,Delhi,Funny
151,Maharastra,Dance
152,West-Bengal,Motivational
153,Rajastrhan,Dance
154,Maharastra,Funny
155,Maharastra,Funny
156,West-Bengal,Funny
157,West-Bengal,News
158,Assam,Dance
159,Assam,Fashion
160,Assam,Motivational
161,Maharastra,News
162,Delhi,Fashion
163,Odisha,Dance
164,Odisha,Motivational
165,Assam,Dance
166,Delhi,News
167,Assam,Dance
168,West-Bengal,Music
169,Delhi,Food
170,West-Bengal,Funny
171,Maharastra,Travel
172,West-Bengal,Funny
173,Maharastra,Funny
174,Delhi,Music
175,Odisha,Sports
176,Odisha,News
177,Delhi,Music
178,Delhi,Travel
179,Rajastrhan,Travel
180,Odisha,Travel
181,Delhi,Dance
182,Odisha,Funny
183,Rajastrhan,Funny
184,West-Bengal,Funny
185,Rajastrhan,Motivational
186,Assam,Funny
187,Assam,Funny
188,Odisha,Music
189,Assam,Music
190,Delhi,Funny
191,Odisha,Music
192,Assam,Music
193,Odisha,Funny
194,West-Bengal,Music
195,Odisha,News
196,Odisha,Fashion
197,West-Bengal,Motivational
198,Maharastra,Travel
199,Assam,Fashion
200,Assam,Fashion
201,Rajastrhan,Motivational
202,Assam,Sports
203,Delhi,Music
204,Odisha,Music
205,Rajastrhan,Motivational
206,Assam,Funny
207,West-Bengal,Sports
208,Assam,Travel
209,Maharastra,Funny
210,West-Bengal,Music
211,Odisha,Motivational
212,Assam,Dance
213,West-Bengal,Travel
214,West-Bengal,Funny
215,Rajastrhan,Music
216,West-Bengal,Fashion
217,Odisha,Motivational
218,Delhi,Sports
219,West-Bengal,Fashion
220,Maharastra,Funny
221,Delhi,Funny
222,Delhi,Funny
223,Rajastrhan,Funny
224,Odisha,Sports
225,Delhi,Fashion
226,Odisha,Fashion
227,Delhi,Music
228,West-Bengal,Music
229,Delhi,Music
230,Delhi,Food
231,Rajastrhan,Fashion
232,West-Bengal,Funny
233,Rajastrhan,Funny
234,Odisha,Music
235,Maharastra,Fashion
236,Odisha,News
237,Delhi,Motivational
238,Odisha,Travel
239,West-Bengal,Food
240,West-Bengal,News
241,Maharastra,Food
242,Assam,Motivational
243,Assam,Fashion
244,Delhi,Fashion
245,Delhi,Motivational
246,Maharastra,Travel
247,Assam,Funny
248,Assam,Funny
249,Delhi,Food
250,Odisha,Funny
251,Maharastra,Motivational
252,Assam,Food
253,Maharastra,Funny
254,Rajastrhan,Sports
255,West-Bengal,Funny
256,Assam,Funny
257,West-Bengal,Food
258,Assam,Funny
259,Delhi,Funny
260,West-Bengal,Dance
261,Rajastrhan,Funny
262,Maharastra,Funny
263,Delhi,Fashion
264,Odisha,Funny
265,Delhi,Dance
266,Odisha,Sports
267,Assam,Travel
268,Assam,Dance
269,Delhi,Fashion
270,Odisha,Music
271,Maharastra,Music
272,Odisha,Music
273,Rajastrhan,News
274,Delhi,News
275,Assam,Travel
276,West-Bengal,Music
277,Odisha,Travel
278,Odisha,Fashion
279,Delhi,Fashion
280,Delhi,Motivational
281,Rajastrhan,Fashion
282,Rajastrhan,Sports
283,West-Bengal,Sports
284,Assam,News
285,Assam,Food
286,Rajastrhan,Food
287,Rajastrhan,Food
288,Maharastra,Food
289,Delhi,Food
290,Maharastra,Motivational
291,Maharastra,News
292,Odisha,Travel
293,West-Bengal,Music
294,Delhi,Dance
295,Odisha,News
296,Delhi,Funny
297,Assam,Fashion
298,Rajastrhan,Sports
299,Delhi,Music
300,Delhi,Food
301,Assam,News
302,Delhi,Travel
303,Delhi,Dance
304,Maharastra,Funny
305,Rajastrhan,News
306,Odisha,News
307,West-Bengal,Music
308,Rajastrhan,Funny
309,Odisha,News
310,Odisha,Motivational
311,Assam,Travel
312,Maharastra,Music
313,Maharastra,Funny
314,West-Bengal,News
315,Maharastra,Food
316,West-Bengal,Music
317,Maharastra,Motivational
318,Delhi,Sports
319,Odisha,Dance
320,Odisha,Dance
321,Assam,Music
322,Delhi,Dance
323,Delhi,Sports
324,Maharastra,Music
325,Assam,News
326,Rajastrhan,Funny
327,Delhi,Motivational
328,Odisha,Food
329,Maharastra,Funny
330,West-Bengal,Funny
331,Assam,Funny
332,Odisha,Funny
333,Assam,Fashion
334,Assam,Travel
335,West-Bengal,Funny
336,Assam,Fashion
337,Odisha,Sports
338,Assam,Sports
339,Delhi,Funny
340,West-Bengal,Funny
341,Maharastra,Funny
342,Odisha,Funny
343,Rajastrhan,Food
344,Odisha,Travel
345,Assam,Sports
346,Maharastra,Motivational
347,Rajastrhan,Food
348,West-Bengal,Travel
349,Assam,Funny
350,West-Bengal,Food
351,Delhi,Fashion
352,West-Bengal,Funny
353,Rajastrhan,Motivational
354,West-Bengal,Funny
355,Rajastrhan,Funny
356,Odisha,Food
357,West-Bengal,Motivational
358,Assam,Sports
359,Odisha,Food
360,Odisha,Funny
361,Rajastrhan,Motivational
362,West-Bengal,Sports
363,Rajastrhan,Music
364,West-Bengal,Funny
365,Delhi,Sports
366,Assam,Dance
367,Assam,Dance
368,Odisha,Travel
369,Odisha,Dance
370,Assam,Food
371,Odisha,News
372,Odisha,Funny
373,Odisha,Dance
374,Maharastra,News
375,Rajastrhan,Funny
376,Assam,Fashion
377,Delhi,Dance
378,Maharastra,Motivational
379,Assam,Dance
380,Odisha,News
381,Odisha,Motivational
382,Assam,Dance
383,Maharastra,Funny
384,Assam,Travel
385,Delhi,Funny
386,Delhi,Travel
387,Assam,Motivational
388,Odisha,Funny
389,Delhi,Funny
390,Assam,Motivational
391,West-Bengal,Fashion
392,Maharastra,News
393,Rajastrhan,Music
394,Maharastra,Music
395,Delhi,Funny
396,Maharastra,Motivational
397,Rajastrhan,Travel
398,Rajastrhan,Dance
399,West-Bengal,Travel
400,Assam,Fashion
401,West-Bengal,Fashion
402,Odisha,Sports
403,West-Bengal,Fashion
404,Assam,Travel
405,Maharastra,Sports
406,Rajastrhan,Food
407,West-Bengal,Motivational
408,West-Bengal,Funny
409,Delhi,Dance
410,West-Bengal,Music
411,Odisha,Music
412,West-Bengal,Travel
413,Odisha,Dance
414,Maharastra,Food
415,West-Bengal,Motivational
416,Maharastra,Music
417,Odisha,Funny
418,West-Bengal,Food
419,Assam,Travel
420,Assam,Funny
421,Rajastrhan,Music
422,Odisha,Motivational
423,Assam,Food
424,Assam,Sports
425,Odisha,Fashion
426,Assam,News
427,Delhi,Funny
428,Rajastrhan,Sports
429,Delhi,Travel
430,West-Bengal,Sports
431,Maharastra,Sports
432,Odisha,Motivational
433,Maharastra,Funny
434,Delhi,Music
435,Assam,Funny
436,Rajastrhan,News
437,Maharastra,Fashion
438,Assam,Fashion
439,Odisha,Food
440,Maharastra,Funny
441,Delhi,News
442,West-Bengal,Fashion
443,Delhi,Sports
444,Assam,Travel
445,Delhi,Dance
446,Rajastrhan,News
447,Maharastra,Sports
448,Rajastrhan,Sports
449,Odisha,Sports
450,Maharastra,Food
451,Rajastrhan,Dance
452,Rajastrhan,Funny
453,Rajastrhan,Dance
454,Odisha,Travel
455,Maharastra,Sports
456,Odisha,Music
457,Delhi,Dance
458,Rajastrhan,Fashion
459,Odisha,Motivational
460,Maharastra,Music
461,Maharastra,Music
462,Maharastra,Music
463,West-Bengal,Funny
464,Maharastra,Funny
465,Maharastra,Music
466,West-Bengal,News
467,Assam,Dance
468,Delhi,Funny
469,Maharastra,Funny
470,Rajastrhan,Music
471,West-Bengal,Travel
472,Maharastra,Fashion
473,Maharastra,Sports
474,Odisha,Dance
475,Delhi,Sports
476,Maharastra,Funny
477,Assam,Funny
478,Odisha,Travel
479,Maharastra,Funny
480,Maharastra,Sports
481,Odisha,Sports
482,Rajastrhan,Food
483,Maharastra,Sports
484,West-Bengal,Dance
485,Assam,Music
486,Assam,Funny
487,Rajastrhan,Funny
488,Rajastrhan,Motivational
489,Assam,Dance
490,West-Bengal,Dance
491,Delhi,Funny
492,Rajastrhan,Food
493,West-Bengal,News
494,West-Bengal,Sports
495,West-Bengal,Food
496,West-Bengal,Motivational
497,Delhi,Funny
498,Odisha,Motivational
499,Rajastrhan,Fashion
500,Rajastrhan,Funny
501,Rajastrhan,Dance
502,Delhi,Sports
503,Assam,Music
504,West-Bengal,Sports
505,Maharastra,Fashion
506,Maharastra,Funny
507,Rajastrhan,Motivational
508,Odisha,Dance
509,Delhi,News
510,West-Bengal,Funny
511,Delhi,Travel
512,Odisha,Sports
513,Assam,Sports
514,Delhi,Dance
515,Assam,Motivational
516,Maharastra,Funny
517,Rajastrhan,Travel
518,Odisha,Motivational
519,Assam,Sports
520,West-Bengal,News
521,Assam,Dance
522,Rajastrhan,Music
523,West-Bengal,Motivational
524,Rajastrhan,Dance
525,West-Bengal,Music
526,Rajastrhan,News
527,Maharastra,Music
528,West-Bengal,Fashion
529,Rajastrhan,Motivational
530,Assam,Food
531,Delhi,Motivational
532,Maharastra,Food
533,Delhi,Food
534,Rajastrhan,Fashion
535,Maharastra,Funny
536,Odisha,Dance
537,Rajastrhan,Funny
538,Rajastrhan,Music
539,Assam,Funny
540,Delhi,Travel
541,Rajastrhan,Travel
542,Delhi,Music
543,West-Bengal,Motivational
544,Delhi,Motivational
545,Rajastrhan,Food
546,Assam,Fashion
547,Assam,Motivational
548,Odisha,News
549,Delhi,Travel
550,Maharastra,Funny
551,Odisha,Funny
552,Assam,Funny
553,Assam,Food
554,West-Bengal,Motivational
555,Maharastra,Dance
556,Rajastrhan,News
557,West-Bengal,News
558,West-Bengal,News
559,Maharastra,Food
560,Delhi,Food
561,Rajastrhan,Travel
562,Delhi,Food
563,Rajastrhan,Funny
564,Rajastrhan,Music
565,Odisha,Motivational
566,Rajastrhan,Travel
567,Rajastrhan,Sports
568,Assam,Sports
569,Assam,Sports
570,Maharastra,Travel
571,Odisha,Travel
572,Assam,Fashion
573,Odisha,Funny
574,Rajastrhan,Funny
575,Maharastra,News
576,Rajastrhan,Dance
577,Maharastra,Fashion
578,Maharastra,Motivational
579,Rajastrhan,Funny
580,Maharastra,Funny
581,Odisha,Fashion
582,West-Bengal,Travel
583,Assam,Fashion
584,Maharastra,Funny
585,Odisha,Dance
586,Delhi,Fashion
587,Delhi,News
588,Odisha,Food
589,Maharastra,Funny
590,Delhi,Travel
591,Assam,News
592,Rajastrhan,Funny
593,Odisha,Fashion
594,Maharastra,Dance
595,Delhi,Motivational
596,Assam,Sports
597,Assam,Dance
598,Delhi,Sports
599,West-Bengal,Sports
600,Assam,Funny
601,Maharastra,Funny
602,Odisha,Dance
603,Rajastrhan,Motivational
604,Rajastrhan,Music
605,Odisha,Sports
606,Maharastra,News
607,Rajastrhan,Travel
608,Assam,News
609,Rajastrhan,Funny
610,Odisha,Funny
611,Delhi,Music
612,West-Bengal,Funny
613,Assam,Dance
614,Maharastra,Funny
615,Rajastrhan,Funny
616,Assam,Motivational
617,Rajastrhan,Travel
618,Rajastrhan,Music
619,Odisha,Motivational
620,Assam,Motivational
621,Assam,Music
622,West-Bengal,Dance
623,Rajastrhan,Dance
624,West-Bengal,Travel
625,Rajastrhan,Music
626,Delhi,Music
627,Delhi,News
628,Rajastrhan,Funny
629,Rajastrhan,Music
630,West-Bengal,Dance
631,West-Bengal,Funny
632,Odisha,Travel
633,Delhi,News
634,Odisha,Dance
635,Assam,Funny
636,Assam,Sports
637,Odisha,Music
638,Assam,Sports
639,Rajastrhan,Fashion
640,West-Bengal,Funny
641,Odisha,Travel
642,Maharastra,Funny
643,Assam,Music
644,Delhi,Fashion
645,Maharastra,Funny
646,Rajastrhan,Fashion
647,Delhi,Travel
648,Rajastrhan,Motivational
649,Assam,Dance
650,West-Bengal,Food
651,West-Bengal,Food
652,West-Bengal,Music
653,Odisha,Fashion
654,Assam,News
655,West-Bengal,Sports
656,Assam,Food
657,Delhi,Fashion
658,Maharastra,Motivational
659,Rajastrhan,Music
660,Assam,Funny
661,Assam,Music
662,Assam,Motivational
663,Assam,Dance
664,Assam,News
665,Delhi,Travel
666,Maharastra,Dance
667,Delhi,Dance
668,Odisha,Sports
669,Rajastrhan,Travel
670,Odisha,Dance
671,West-Bengal,Funny
672,Delhi,News
673,West-Bengal,Funny
674,Delhi,Music
675,West-Bengal,Dance
676,Assam,Sports
677,Maharastra,Funny
678,Delhi,Funny
679,Delhi,Funny
680,Maharastra,Motivational
681,Assam,Motivational
682,Delhi,Dance
683,Odisha,Sports
684,Delhi,Music
685,Delhi,News
686,West-Bengal,Sports
687,Maharastra,Funny
688,Assam,Sports
689,Assam,Dance
690,Odisha,News
691,Delhi,Dance
692,West-Bengal,Fashion
693,Odisha,Dance
694,Assam,Sports
695,West-Bengal,Funny
696,Odisha,Travel
697,Assam,Dance
698,Odisha,Funny
699,Odisha,Funny
700,Rajastrhan,Music
701,Odisha,Sports
702,Delhi,Dance
703,Delhi,Funny
704,Maharastra,Fashion
705,Delhi,Sports
706,Assam,Music
707,West-Bengal,Motivational
708,Rajastrhan,Travel
709,Maharastra,Sports
710,Rajastrhan,Dance
711,Rajastrhan,Music
712,Odisha,Motivational
713,Delhi,Funny
714,Assam,Motivational
715,Maharastra,Sports
716,Assam,Travel
717,Rajastrhan,Motivational
718,Rajastrhan,News
719,Maharastra,Funny
720,Maharastra,Music
721,West-Bengal,Travel
722,Rajastrhan,News
723,Maharastra,Travel
724,Delhi,Sports
725,Assam,Fashion
726,Odisha,Dance
727,Rajastrhan,Food
728,Rajastrhan,Fashion
729,Maharastra,Funny
730,West-Bengal,Music
731,Maharastra,Funny
732,Assam,Funny
733,Assam,Food
734,Assam,Dance
735,West-Bengal,Fashion
736,Odisha,News
737,Maharastra,Funny
738,Assam,Motivational
739,Delhi,Funny
740,Odisha,Motivational
741,Maharastra,Funny
742,Odisha,Sports
743,Rajastrhan,Funny
744,Odisha,Fashion
745,Maharastra,Food
746,Assam,Food
747,Delhi,Funny
748,Rajastrhan,Dance
749,Rajastrhan,Dance
750,Delhi,Motivational
751,Assam,Motivational
752,Odisha,Sports
753,West-Bengal,Music
754,West-Bengal,Music
755,Assam,Food
756,Delhi,Funny
757,Rajastrhan,Funny
758,Delhi,Motivational
759,Odisha,Music
760,Assam,Sports
761,Assam,Funny
762,Rajastrhan,Music
763,Maharastra,Funny
764,Maharastra,Funny
765,Delhi,Dance
766,Delhi,Dance
767,West-Bengal,Funny
768,West-Bengal,Funny
769,Delhi,Sports
770,Assam,Funny
771,Maharastra,Funny
772,West-Bengal,Fashion
773,Delhi,Sports
774,Maharastra,Fashion
775,West-Bengal,Dance
776,Rajastrhan,Dance
777,Assam,Food
778,Rajastrhan,Motivational
779,West-Bengal,Motivational
780,Odisha,Fashion
781,Odisha,Travel
782,West-Bengal,Travel
783,West-Bengal,Travel
784,Odisha,Funny
785,Odisha,Motivational
786,Maharastra,Fashion
787,Delhi,Fashion
788,West-Bengal,Fashion
789,Rajastrhan,Motivational
790,Rajastrhan,Motivational
791,Assam,Fashion
792,Assam,News
793,Maharastra,Fashion
794,Delhi,Food
795,Assam,Fashion
796,Rajastrhan,Food
797,Maharastra,Dance
798,Rajastrhan,Dance
799,Delhi,Funny
800,Odisha,Dance
801,Rajastrhan,Fashion
802,Assam,Music
803,Maharastra,News
804,Maharastra,Music
805,Delhi,Dance
806,West-Bengal,Funny
807,Assam,Fashion
808,Maharastra,Food
809,West-Bengal,Sports
810,Maharastra,Fashion
811,West-Bengal,Food
812,West-Bengal,News
813,Rajastrhan,Fashion
814,Odisha,Food
815,Maharastra,Funny
816,Maharastra,Funny
817,Maharastra,Dance
818,West-Bengal,News
819,Rajastrhan,News
820,West-Bengal,News
821,Maharastra,Dance
822,West-Bengal,Food
823,Rajastrhan,Food
824,Odisha,Sports
825,West-Bengal,Fashion
826,Assam,Funny
827,Maharastra,Funny
828,Maharastra,Fashion
829,Assam,News
830,West-Bengal,Sports
831,Rajastrhan,Food
832,Assam,Sports
833,Maharastra,Dance
834,Odisha,Motivational
835,Delhi,Music
836,Delhi,News
837,Maharastra,Funny
838,Odisha,Funny
839,West-Bengal,Sports
840,Odisha,Dance
841,Rajastrhan,Music
842,Odisha,Motivational
843,West-Bengal,Fashion
844,Odisha,Motivational
845,Assam,Food
846,West-Bengal,Fashion
847,Maharastra,Funny
848,Odisha,Motivational
849,Rajastrhan,Travel
850,Rajastrhan,Music
851,Assam,Motivational
852,Assam,Sports
853,Assam,Dance
854,Assam,Food
855,Odisha,Travel
856,West-Bengal,Food
857,Delhi,Fashion
858,Assam,Fashion
859,Delhi,Food
860,Odisha,Travel
861,Maharastra,Fashion
862,Maharastra,Food
863,Assam,News
864,Assam,Sports
865,Rajastrhan,Fashion
866,Maharastra,Funny
867,Odisha,Travel
868,Odisha,News
869,Rajastrhan,Sports
870,Maharastra,Food
871,Assam,Sports
872,Rajastrhan,Music
873,Assam,Dance
874,Assam,Travel
875,Rajastrhan,Funny
876,Maharastra,Travel
877,West-Bengal,Funny
878,West-Bengal,Music
879,West-Bengal,Funny
880,Rajastrhan,Food
881,Rajastrhan,Food
882,Delhi,Food
883,Rajastrhan,News
884,Delhi,Travel
885,Rajastrhan,Music
886,West-Bengal,Funny
887,Rajastrhan,Sports
888,Assam,Music
889,Maharastra,News
890,Assam,Music
891,Rajastrhan,News
892,Delhi,Music
893,Maharastra,Motivational
894,Delhi,Dance
895,Odisha,Dance
896,Rajastrhan,Food
897,Rajastrhan,Motivational
898,Assam,Music
899,Rajastrhan,Funny
900,Assam,Sports
901,Rajastrhan,News
902,Odisha,News
903,Delhi,Travel
904,West-Bengal,News
905,West-Bengal,Food
906,Assam,Motivational
907,Assam,Dance
908,Assam,Food
909,Assam,News
910,Assam,Music
911,Maharastra,Travel
912,Odisha,Music
913,West-Bengal,Travel
914,West-Bengal,Dance
915,West-Bengal,Fashion
916,Maharastra,Funny
917,Rajastrhan,Funny
918,Rajastrhan,Funny
919,Odisha,Funny
920,Rajastrhan,Motivational
921,Rajastrhan,Funny
922,Maharastra,Motivational
923,Odisha,Fashion
924,Assam,Funny
925,Assam,Funny
926,Delhi,Motivational
927,Maharastra,Dance
928,Delhi,Fashion
929,Assam,Fashion
930,Delhi,Motivational
931,Maharastra,Music
932,Rajastrhan,Food
933,Odisha,Sports
934,Maharastra,Dance
935,Odisha,Dance
936,Assam,Food
937,Rajastrhan,Food
938,West-Bengal,News
939,Assam,Music
940,Delhi,Music
941,Assam,Sports
942,Assam,Funny
943,Maharastra,Funny
944,Delhi,Travel
945,Rajastrhan,Motivational
946,Odisha,Travel
947,Maharastra,Dance
948,Rajastrhan,Funny
949,Odisha,Travel
950,Maharastra,Fashion
951,Maharastra,News
952,Rajastrhan,Sports
953,Maharastra,News
954,West-Bengal,Motivational
955,Assam,Funny
956,West-Bengal,Funny
957,Assam,Motivational
958,West-Bengal,Music
959,Odisha,Funny
960,Rajastrhan,Music
961,West-Bengal,Food
962,Delhi,Funny
963,Delhi,Food
964,Delhi,Dance
965,Maharastra,Food
966,Rajastrhan,Funny
967,West-Bengal,Fashion
968,West-Bengal,News
969,Assam,Music
970,Assam,Music
971,Odisha,Dance
972,Odisha,Food
973,Maharastra,Food
974,Maharastra,Funny
975,Rajastrhan,Motivational
976,Delhi,Funny
977,Delhi,Dance
978,West-Bengal,Motivational
979,Odisha,Sports
980,Maharastra,News
981,Odisha,Travel
982,Assam,Funny
983,Assam,Food
984,Delhi,Music
985,Delhi,Fashion
986,Maharastra,Funny
987,Odisha,Fashion
988,Delhi,Sports
989,Odisha,Dance
990,Delhi,News
991,Maharastra,Funny
992,Rajastrhan,Sports
993,Assam,Fashion
994,Maharastra,Motivational
995,Rajastrhan,Music
996,West-Bengal,Music
997,West-Bengal,Fashion
998,Odisha,Music
999,Delhi,Music
